{"val/kld_loss":27.616517364599144,"val/loss":0.01491975862604038,"train/recons_loss":0.00898120179772377,"train/reconstruction_loss":0.00829084121036714,"_runtime":181.073183939,"val/ssim":0.865827202796936,"train/lr":0.00407253125,"_step":4685,"_timestamp":1.779381064310951e+09,"val/reconstruction_loss":0.008015628936730183,"train/kld_loss":28.05325429950987,"images/samples":{"size":56229,"path":"media/images/images/samples_4685_9b284c5f737cebaa7205.png","format":"png","width":266,"height":266,"caption":"Epoch 5: Generated samples","_type":"image-file","sha256":"9b284c5f737cebaa720582e59372f7cd4c60245ac530196a1de4f4d45f74a9c4"},"epoch":5,"train/loss":0.015304155134881191,"val/psnr":20.958881378173828,"_wandb":{"runtime":181},"lr":0.0038689046874999995,"images/reconstructions":{"sha256":"f33d9deedfec9c449733bb0b6c25046fabec5a906ddf2e1d1fa39f86d4e218bd","size":38235,"path":"media/images/images/reconstructions_4685_f33d9deedfec9c449733.png","format":"png","width":530,"height":134,"caption":"Epoch 5: top=original, bottom=reconstruction","_type":"image-file"},"val/lpips":0.09789139032363892,"train/step_loss":0.015830256044864655}